{"cameraMode":{"drawMode":0,"name":"Shaded","section":"Shading Mode"},"sceneLighting":true,"audioPlay":false,"sceneViewState":{"showFog":true,"showMaterialUpdate":false,"showSkybox":true,"showFlares":true,"showImageEffects":true,"showParticleSystems":true},"in2DMode":false,"pivot":{"x":-5.265305042266846,"y":6.036890983581543,"z":-2.9792630672454836},"rotation":{"x":0.218435600399971,"y":-0.1863153576850891,"z":0.04252857342362404,"w":0.9569555521011353},"size":44.918575286865237,"orthographic":false}